UUID,Name,Salary,Birthdate,Department,City
1c3a2f71-7b91-4e9a-8c3b-0a1a1a1b1c1d,Advik Wartikar,75000,1998-04-12,Engineering,Pune
2d4b3f82-6c92-4f8b-9d2c-1b2b2b2c2d2e,Piyush Gosavi,62000,1990-09-05,Sales,Mumbai
3e5c4g93-5d93-4e7c-0f3d-2c3c3c3d3e3f,Nicole Aiman,82000,2001-01-23,Engineering,Delhi
4f6d5h04-4e94-4f6d-1g4e-3d4d4d4e4f40,Shaunak Chodankar,54000,1995-07-30,Support,Pune
5g7e6i15-3f95-4g5e-2h5f-4e5e5e5f5041,Riya Sharma,68000,1993-11-11,Marketing,Bangalore
6h8f7j26-2g96-4h4f-3i6g-5f6f6f605142,Arjun Mehta,72000,1992-02-19,Engineering,Mumbai
7i9g8k37-1h97-4i3g-4j7h-6g7g7g706243,Ananya Rao,59000,1996-06-15,Sales,Chennai
8j0h9l48-0i98-4j2h-5k8i-7h8h8h807344,Rohit Deshmukh,81000,1989-12-21,Engineering,Pune
9k1i0m59-9j99-4k1i-6l9j-8i9i9i908445,Shreya Patil,63000,1997-03-03,Marketing,Delhi
0l2j1n60-8k00-4l0j-7m0k-9j0j0j019546,Varun Kulkarni,55000,1994-05-29,Support,Bangalore
1m3k2o71-7l01-4m9k-8n1l-0k1k1k120647,Meera Nair,70000,1991-08-18,Engineering,Chennai
2n4l3p82-6m02-4n8l-9o2m-1l2l2l221748,Devansh Kapoor,64000,1990-01-05,Sales,Pune
3o5m4q93-5n03-4o7m-0p3n-2m3m3m322849,Ishita Verma,58000,1995-09-12,Marketing,Mumbai
4p6n5r04-4o04-4p6n-1q4o-3n4n4n423950,Karan Singh,76000,1993-07-07,Engineering,Delhi
5q7o6s15-3p05-4q5o-2r5p-4o5o5o525051,Sanya Joshi,60000,1996-10-22,Sales,Bangalore
6r8p7t26-2q06-4r4p-3s6q-5p6p6p626152,Rahul Sharma,73000,1988-04-30,Engineering,Mumbai
7s9q8u37-1r07-4s3q-4t7r-6q7q7q727253,Neha Gupta,57000,1997-06-06,Support,Pune
8t0r9v48-0s08-4t2r-5u8s-7r8r8r828354,Manish Yadav,69000,1992-11-19,Marketing,Delhi
9u1s0w59-9t09-4u1s-6v9t-8s9s9s929455,Aarav Patel,74000,1994-02-28,Engineering,Bangalore
0v2t1x60-8u10-4v0t-7w0u-9t0t0t030556,Sakshi Kapoor,61000,1993-08-14,Sales,Chennai
